name,address,phone,website
Kitchen Solvers of Miami,"1901 Brickell Ave STE B204, Miami, FL 33129, United States",(305) 833-6336,https://kitchensolvers.com/miami/?utm_source=google&utm_medium=organic&utm_campaign=google-maps
The Kitchen Boutique,"2700 SW 3rd Ave 2 F, Miami, FL 33129, United States",(305) 858-9084,http://www.thekitchenboutiqueusa.com/
Cabinets To Go,"2484 SW 17th Ave, Miami, FL 33145, United States",(786) 971-6355,https://cabinetstogo.com/pages/miami-fl
The Bathroom Boutique,"2700 SW 3rd Ave STE 1-B, Miami, FL 33129, United States",(305) 858-9084,https://tbboutique.com/?utm_source=GMB&utm_medium=profile&utm_campaign=local_search
"Hotel Indigo Miami Brickell, an IHG Hotel","145 SW 11th St Building 1, Miami, FL 33130, United States",(305) 860-3874,https://www.ihg.com/hotelindigo/hotels/us/en/miami/miani/hoteldetail?cm_mmc=GoogleMaps-_-IN-_-US-_-MIANI
PEDINI Miami,"250 Altara Ave, Coral Gables, FL 33146, United States",(305) 505-9257,https://www.pedinimiami.com/?utm_campaign=gmb
Kutchenhaus Showroom Miami,"2800 Biscayne Blvd #100, Miami, FL 33137, United States",(786) 622-9656,https://www.us.kutchenhaus.com/
Mosaico Kitchen + Bar,"145 SW 11th St, Miami, FL 33130, United States",(305) 860-3874,http://mosaicokitchenandbar.com/
CAC Kitchen & Cabinets,"100 SE 1st Ave, Miami, FL 33131, United States",(305) 300-0293,https://caccabinets.com/
"SIET KITCHEN DESIGN, LLC","2150 SW 22nd St, Miami, FL 33145, United States",(305) 302-9351,N/A
Kitchen Remodeling,"350 NW 4th St #507, Miami, FL 33128, United States",(305) 831-0370,N/A
